{
  "hash": "f9915bf8",
  "configHash": "98c51819",
  "lockfileHash": "49831c32",
  "browserHash": "dd3508a6",
  "optimized": {
    "@angular/core": {
      "src": "../../../../../node_modules/@angular/core/fesm2022/core.mjs",
      "file": "@angular_core.js",
      "fileHash": "1d6554a4",
      "needsInterop": false
    },
    "@angular/platform-browser": {
      "src": "../../../../../node_modules/@angular/platform-browser/fesm2022/platform-browser.mjs",
      "file": "@angular_platform-browser.js",
      "fileHash": "7d50e44d",
      "needsInterop": false
    },
    "@angular/router": {
      "src": "../../../../../node_modules/@angular/router/fesm2022/router.mjs",
      "file": "@angular_router.js",
      "fileHash": "7892f167",
      "needsInterop": false
    },
    "@angular/common/http": {
      "src": "../../../../../node_modules/@angular/common/fesm2022/http.mjs",
      "file": "@angular_common_http.js",
      "fileHash": "9fac2374",
      "needsInterop": false
    },
    "@angular/forms": {
      "src": "../../../../../node_modules/@angular/forms/fesm2022/forms.mjs",
      "file": "@angular_forms.js",
      "fileHash": "c805f7ec",
      "needsInterop": false
    },
    "@angular/common": {
      "src": "../../../../../node_modules/@angular/common/fesm2022/common.mjs",
      "file": "@angular_common.js",
      "fileHash": "e50e9d04",
      "needsInterop": false
    }
  },
  "chunks": {
    "chunk-AE2EAELR": {
      "file": "chunk-AE2EAELR.js"
    },
    "chunk-QY7TDHNW": {
      "file": "chunk-QY7TDHNW.js"
    },
    "chunk-XWRWPJMW": {
      "file": "chunk-XWRWPJMW.js"
    },
    "chunk-BCSCV6X3": {
      "file": "chunk-BCSCV6X3.js"
    }
  }
}